[{"model": "contenttypes.contenttype", "pk": 1, "fields": {"app_label": "admin", "model": "logentry"}}, {"model": "contenttypes.contenttype", "pk": 2, "fields": {"app_label": "auth", "model": "permission"}}, {"model": "contenttypes.contenttype", "pk": 3, "fields": {"app_label": "auth", "model": "user"}}, {"model": "contenttypes.contenttype", "pk": 4, "fields": {"app_label": "auth", "model": "group"}}, {"model": "contenttypes.contenttype", "pk": 5, "fields": {"app_label": "contenttypes", "model": "contenttype"}}, {"model": "contenttypes.contenttype", "pk": 6, "fields": {"app_label": "sessions", "model": "session"}}, {"model": "contenttypes.contenttype", "pk": 7, "fields": {"app_label": "core", "model": "article"}}, {"model": "contenttypes.contenttype", "pk": 8, "fields": {"app_label": "videos", "model": "video"}}, {"model": "contenttypes.contenttype", "pk": 9, "fields": {"app_label": "videos", "model": "author"}}, {"model": "contenttypes.contenttype", "pk": 10, "fields": {"app_label": "videos", "model": "videocategory"}}, {"model": "contenttypes.contenttype", "pk": 11, "fields": {"app_label": "streams", "model": "audiostream"}}, {"model": "contenttypes.contenttype", "pk": 12, "fields": {"app_label": "streams", "model": "videostreamset"}}, {"model": "contenttypes.contenttype", "pk": 13, "fields": {"app_label": "streams", "model": "videostream"}}, {"model": "contenttypes.contenttype", "pk": 14, "fields": {"app_label": "core", "model": "status"}}, {"model": "contenttypes.contenttype", "pk": 15, "fields": {"app_label": "core", "model": "profession"}}, {"model": "contenttypes.contenttype", "pk": 16, "fields": {"app_label": "abstract_crm", "model": "taskstatus"}}, {"model": "contenttypes.contenttype", "pk": 17, "fields": {"app_label": "abstract_crm", "model": "task"}}, {"model": "contenttypes.contenttype", "pk": 18, "fields": {"app_label": "abstract_crm", "model": "project"}}, {"model": "contenttypes.contenttype", "pk": 19, "fields": {"app_label": "abstract_crm", "model": "priority"}}, {"model": "contenttypes.contenttype", "pk": 20, "fields": {"app_label": "abstract_crm", "model": "tracker"}}, {"model": "sessions.session", "pk": "21ect8sw82fi3qd8eb6h1k39z4zncdv8", "fields": {"session_data": "MWIwMGQ5ZjA1ZWU2Y2IwYjljODQxNjVjZGM0MTYxNzk5YjNmNzJmNTp7Il9hdXRoX3VzZXJfaGFzaCI6IjYxNjA2YzVhZmYzNDY4ZTkxZmFiMjAwNDA0YzZmM2U3MTVjNzdjY2IiLCJfYXV0aF91c2VyX2JhY2tlbmQiOiJkamFuZ28uY29udHJpYi5hdXRoLmJhY2tlbmRzLk1vZGVsQmFja2VuZCIsIl9hdXRoX3VzZXJfaWQiOiIxIn0=", "expire_date": "2016-12-21T23:11:32Z"}}, {"model": "sessions.session", "pk": "59o3drb210ru07mzlluauvcme7ngc50h", "fields": {"session_data": "MWIwMGQ5ZjA1ZWU2Y2IwYjljODQxNjVjZGM0MTYxNzk5YjNmNzJmNTp7Il9hdXRoX3VzZXJfaGFzaCI6IjYxNjA2YzVhZmYzNDY4ZTkxZmFiMjAwNDA0YzZmM2U3MTVjNzdjY2IiLCJfYXV0aF91c2VyX2JhY2tlbmQiOiJkamFuZ28uY29udHJpYi5hdXRoLmJhY2tlbmRzLk1vZGVsQmFja2VuZCIsIl9hdXRoX3VzZXJfaWQiOiIxIn0=", "expire_date": "2016-12-20T10:45:00Z"}}, {"model": "sessions.session", "pk": "aoee2kt66ahhc6cccbfpp5e44m3zzi0e", "fields": {"session_data": "MWIwMGQ5ZjA1ZWU2Y2IwYjljODQxNjVjZGM0MTYxNzk5YjNmNzJmNTp7Il9hdXRoX3VzZXJfaGFzaCI6IjYxNjA2YzVhZmYzNDY4ZTkxZmFiMjAwNDA0YzZmM2U3MTVjNzdjY2IiLCJfYXV0aF91c2VyX2JhY2tlbmQiOiJkamFuZ28uY29udHJpYi5hdXRoLmJhY2tlbmRzLk1vZGVsQmFja2VuZCIsIl9hdXRoX3VzZXJfaWQiOiIxIn0=", "expire_date": "2016-12-24T09:21:27Z"}}, {"model": "sessions.session", "pk": "mn4k3tu7i4l7or0zlbe1f0e347mgnx8n", "fields": {"session_data": "MWIwMGQ5ZjA1ZWU2Y2IwYjljODQxNjVjZGM0MTYxNzk5YjNmNzJmNTp7Il9hdXRoX3VzZXJfaGFzaCI6IjYxNjA2YzVhZmYzNDY4ZTkxZmFiMjAwNDA0YzZmM2U3MTVjNzdjY2IiLCJfYXV0aF91c2VyX2JhY2tlbmQiOiJkamFuZ28uY29udHJpYi5hdXRoLmJhY2tlbmRzLk1vZGVsQmFja2VuZCIsIl9hdXRoX3VzZXJfaWQiOiIxIn0=", "expire_date": "2016-12-29T21:21:35Z"}}, {"model": "sessions.session", "pk": "mzcou15nqnyxa1nt12kncbxoys3awsvx", "fields": {"session_data": "MWIwMGQ5ZjA1ZWU2Y2IwYjljODQxNjVjZGM0MTYxNzk5YjNmNzJmNTp7Il9hdXRoX3VzZXJfaGFzaCI6IjYxNjA2YzVhZmYzNDY4ZTkxZmFiMjAwNDA0YzZmM2U3MTVjNzdjY2IiLCJfYXV0aF91c2VyX2JhY2tlbmQiOiJkamFuZ28uY29udHJpYi5hdXRoLmJhY2tlbmRzLk1vZGVsQmFja2VuZCIsIl9hdXRoX3VzZXJfaWQiOiIxIn0=", "expire_date": "2016-12-11T14:35:12Z"}}, {"model": "core.article", "pk": 1, "fields": {"title": "\u0422\u0435\u0441\u0442\u043e\u0432\u0430\u044f \u0441\u0442\u0430\u0442\u044c\u044f", "keywords": "\u043a\u043b\u044e\u0447\u0435\u0432\u044b\u0435, \u0441\u043b\u043e\u0432\u0430, \u0442\u0435\u0441\u0442\u043e\u0432\u043e\u0439, \u0441\u0442\u0430\u0442\u044c\u0438", "description": "<p>\u0421\u0442\u0430\u0442\u044c\u044f \u0434\u043b\u044f \u0432\u0441\u044f\u0447\u0435\u0441\u043a\u0438\u0445 \u0442\u0435\u0441\u0442\u043e\u0432</p>\r\n\r\n<h1>&nbsp;</h1>", "url": "first_article"}}, {"model": "core.status", "pk": 1, "fields": {"name": "Bronze"}}, {"model": "core.status", "pk": 2, "fields": {"name": "Silver"}}, {"model": "core.status", "pk": 3, "fields": {"name": "Gold"}}, {"model": "core.profession", "pk": 1, "fields": {"name": "\u0424\u0430\u0435\u0440\u0449\u0438\u043a"}}, {"model": "core.profession", "pk": 2, "fields": {"name": "\u041c\u0435\u0434\u0432\u0435\u0434"}}, {"model": "videos.videocategory", "pk": 1, "fields": {"title": "\u0418\u0441\u043a\u0443\u0441\u0441\u0442\u0432\u043e", "keywords": "up", "description": "<p>up</p>", "url": "up", "pid": null}}, {"model": "videos.videocategory", "pk": 2, "fields": {"title": "\u0418\u0437\u043e\u0431\u0440\u0430\u0437\u0438\u0442\u0435\u043b\u044c\u043d\u043e\u0435", "keywords": "upsdf", "description": "", "url": "painting", "pid": 1}}, {"model": "videos.videocategory", "pk": 3, "fields": {"title": "\u0420\u0438\u0441\u043e\u0432\u0430\u043d\u0438\u0435 \u0430\u043a\u0440\u0438\u043b\u043e\u043c", "keywords": "sdf", "description": "", "url": "acryl_painting", "pid": 2}}, {"model": "videos.videocategory", "pk": 4, "fields": {"title": "\u041b\u043e\u0433\u0438\u043a\u0430", "keywords": null, "description": "", "url": "logics", "pid": null}}, {"model": "videos.videocategory", "pk": 5, "fields": {"title": "AI", "keywords": null, "description": "", "url": "artificial_intelligence", "pid": null}}, {"model": "videos.videocategory", "pk": 6, "fields": {"title": "\u0411\u0438\u0437\u043d\u0435\u0441", "keywords": null, "description": "", "url": "business", "pid": null}}, {"model": "videos.author", "pk": 1, "fields": {"title": "\u0442\u0435\u0441\u0442\u043e\u0432\u044b\u0439 \u0444\u0430\u0435\u0440\u0449\u0438\u043a", "keywords": "wer", "description": "<p>\u0424\u0430\u0435\u0440\u0449\u0438\u043a\u0438 \u043e\u0431\u043b\u0438\u0432\u0430\u044e\u0442 \u043a\u0435\u0440\u043e\u0441\u0438\u043d\u043e\u043c \u0440\u0430\u0437\u043d\u044b\u0435 \u0434\u0435\u0432\u0430\u0439\u0441\u044b \u0438 \u043e\u0442 \u043f\u0430\u0440\u043e\u0432 \u0438\u0445 \u043d\u0430\u0447\u0438\u043d\u0430\u0435\u0442 \u0432\u043f\u0438\u0440\u0430\u0442\u044c. \u041e \u0432\u0440\u0435\u043c\u0435\u043d\u0430, \u043e \u043d\u0440\u0430\u0432\u044b</p>", "url": "fire_artist", "category": 3, "profession": "\u0424\u0430\u0435\u0440\u0449\u0438\u043a", "image": "author/fire.jpg", "status": 2}}, {"model": "videos.author", "pk": 2, "fields": {"title": "Medved", "keywords": "", "description": "<p>\u041e\u043f\u0438\u0441\u0430\u043d\u0438\u0435 \u0434\u0435\u044f\u0442\u0435\u043b\u044c\u043d\u043e\u0441\u0442\u0438 \u043c\u0435\u0434\u0432\u0435\u0434\u0430&nbsp;</p>", "url": "medved", "category": 3, "profession": "medved", "image": "author/1481233548001.png", "status": 1}}, {"model": "videos.author", "pk": 3, "fields": {"title": "\u0417\u043e\u043b\u043e\u0442\u043e\u0439 \u0444\u0430\u0435\u0440\u0449\u0438\u043a", "keywords": "", "description": "<p>\u0422\u0435\u0441\u0442\u043e\u0432\u043e\u0435 \u043e\u0442\u043e\u0431\u0440\u0430\u0436\u0435\u043d\u0438\u0435 \u0430\u0431\u0441\u0442\u0440\u0430\u043a\u0442\u043d\u043e\u0433\u043e \u0444\u0430\u0435\u0440\u0449\u0438\u043a\u0430 \u0441 \u0437\u043e\u043b\u043e\u0442\u044b\u043c \u0443\u0440\u043e\u0432\u043d\u0435\u043c \u0434\u043e\u0441\u0442\u0443\u043f\u0430</p>", "url": "golden_fire_artist", "category": 3, "profession": "\u0444\u0430\u0435\u0440\u0449\u0438\u043a", "image": "author/fire_o2SVBAk.jpg", "status": 3}}, {"model": "videos.video", "pk": 1, "fields": {"title": "rre", "keywords": "re", "description": "<p>re</p>", "url": "video_test", "author": 1, "video": "video/military.webm"}}, {"model": "streams.videostreamset", "pk": 1, "fields": {"title": "\u0422\u0435\u0441\u0442\u043e\u0432\u044b\u0439 \u043a\u0430\u043d\u0430\u043b", "keywords": "qwe", "description": "", "url": "kanal_test", "pic": "video_stream_set_pic/fire.jpg"}}, {"model": "streams.videostream", "pk": 1, "fields": {"title": "\u0422\u0435\u0441\u0442\u043e\u0432\u044b\u0439 \u0421\u0442\u0440\u0438\u043c", "keywords": "", "description": "", "url": "test_stream", "stream_set": 1, "stream_source": "//ws", "pic": "video_stream_pic/fire.jpg", "active": true, "time_start": null, "time_end": null}}, {"model": "abstract_crm.project", "pk": 1, "fields": {"name": "Anima"}}, {"model": "abstract_crm.tracker", "pk": 1, "fields": {"name": "\u0414\u0438\u0437\u0430\u0439\u043d", "project": 1}}, {"model": "abstract_crm.tracker", "pk": 2, "fields": {"name": "Operational", "project": 1}}, {"model": "abstract_crm.tracker", "pk": 3, "fields": {"name": "\u041a\u043e\u043d\u0442\u0435\u043d\u0442-\u043c\u0435\u043d\u0435\u0434\u0436\u043c\u0435\u043d\u0442", "project": 1}}, {"model": "abstract_crm.tracker", "pk": 4, "fields": {"name": "frontend", "project": 1}}, {"model": "abstract_crm.tracker", "pk": 5, "fields": {"name": "backend", "project": 1}}, {"model": "abstract_crm.taskstatus", "pk": 1, "fields": {"name": "\u041d\u043e\u0432\u0430\u044f"}}, {"model": "abstract_crm.taskstatus", "pk": 2, "fields": {"name": "\u0412 \u0440\u0430\u0431\u043e\u0442\u0435"}}, {"model": "abstract_crm.taskstatus", "pk": 3, "fields": {"name": "\u0412\u044b\u043f\u043e\u043b\u043d\u0435\u043d\u0430"}}, {"model": "abstract_crm.priority", "pk": 1, "fields": {"name": "\u041d\u0438\u0437\u043a\u0438\u0439"}}, {"model": "abstract_crm.priority", "pk": 2, "fields": {"name": "\u041d\u043e\u0440\u043c\u0430\u043b\u044c\u043d\u044b\u0439"}}, {"model": "abstract_crm.priority", "pk": 3, "fields": {"name": "\u0412\u044b\u0441\u043e\u043a\u0438\u0439"}}, {"model": "abstract_crm.priority", "pk": 4, "fields": {"name": "\u041a\u0440\u0438\u0442\u0438\u0447\u0435\u0441\u043a\u0438\u0439"}}, {"model": "auth.permission", "pk": 1, "fields": {"name": "Can add log entry", "content_type": 1, "codename": "add_logentry"}}, {"model": "auth.permission", "pk": 2, "fields": {"name": "Can change log entry", "content_type": 1, "codename": "change_logentry"}}, {"model": "auth.permission", "pk": 3, "fields": {"name": "Can delete log entry", "content_type": 1, "codename": "delete_logentry"}}, {"model": "auth.permission", "pk": 4, "fields": {"name": "Can add permission", "content_type": 2, "codename": "add_permission"}}, {"model": "auth.permission", "pk": 5, "fields": {"name": "Can change permission", "content_type": 2, "codename": "change_permission"}}, {"model": "auth.permission", "pk": 6, "fields": {"name": "Can delete permission", "content_type": 2, "codename": "delete_permission"}}, {"model": "auth.permission", "pk": 7, "fields": {"name": "Can add user", "content_type": 3, "codename": "add_user"}}, {"model": "auth.permission", "pk": 8, "fields": {"name": "Can change user", "content_type": 3, "codename": "change_user"}}, {"model": "auth.permission", "pk": 9, "fields": {"name": "Can delete user", "content_type": 3, "codename": "delete_user"}}, {"model": "auth.permission", "pk": 10, "fields": {"name": "Can add group", "content_type": 4, "codename": "add_group"}}, {"model": "auth.permission", "pk": 11, "fields": {"name": "Can change group", "content_type": 4, "codename": "change_group"}}, {"model": "auth.permission", "pk": 12, "fields": {"name": "Can delete group", "content_type": 4, "codename": "delete_group"}}, {"model": "auth.permission", "pk": 13, "fields": {"name": "Can add content type", "content_type": 5, "codename": "add_contenttype"}}, {"model": "auth.permission", "pk": 14, "fields": {"name": "Can change content type", "content_type": 5, "codename": "change_contenttype"}}, {"model": "auth.permission", "pk": 15, "fields": {"name": "Can delete content type", "content_type": 5, "codename": "delete_contenttype"}}, {"model": "auth.permission", "pk": 16, "fields": {"name": "Can add session", "content_type": 6, "codename": "add_session"}}, {"model": "auth.permission", "pk": 17, "fields": {"name": "Can change session", "content_type": 6, "codename": "change_session"}}, {"model": "auth.permission", "pk": 18, "fields": {"name": "Can delete session", "content_type": 6, "codename": "delete_session"}}, {"model": "auth.permission", "pk": 19, "fields": {"name": "Can add article", "content_type": 7, "codename": "add_article"}}, {"model": "auth.permission", "pk": 20, "fields": {"name": "Can change article", "content_type": 7, "codename": "change_article"}}, {"model": "auth.permission", "pk": 21, "fields": {"name": "Can delete article", "content_type": 7, "codename": "delete_article"}}, {"model": "auth.permission", "pk": 22, "fields": {"name": "Can add \u0412\u0438\u0434\u0435\u043e", "content_type": 8, "codename": "add_video"}}, {"model": "auth.permission", "pk": 23, "fields": {"name": "Can change \u0412\u0438\u0434\u0435\u043e", "content_type": 8, "codename": "change_video"}}, {"model": "auth.permission", "pk": 24, "fields": {"name": "Can delete \u0412\u0438\u0434\u0435\u043e", "content_type": 8, "codename": "delete_video"}}, {"model": "auth.permission", "pk": 25, "fields": {"name": "Can add \u0410\u0432\u0442\u043e\u0440", "content_type": 9, "codename": "add_author"}}, {"model": "auth.permission", "pk": 26, "fields": {"name": "Can change \u0410\u0432\u0442\u043e\u0440", "content_type": 9, "codename": "change_author"}}, {"model": "auth.permission", "pk": 27, "fields": {"name": "Can delete \u0410\u0432\u0442\u043e\u0440", "content_type": 9, "codename": "delete_author"}}, {"model": "auth.permission", "pk": 28, "fields": {"name": "Can add \u041a\u0430\u0442\u0435\u0433\u043e\u0440\u0438\u044f \u0432\u0438\u0434\u0435\u043e", "content_type": 10, "codename": "add_videocategory"}}, {"model": "auth.permission", "pk": 29, "fields": {"name": "Can change \u041a\u0430\u0442\u0435\u0433\u043e\u0440\u0438\u044f \u0432\u0438\u0434\u0435\u043e", "content_type": 10, "codename": "change_videocategory"}}, {"model": "auth.permission", "pk": 30, "fields": {"name": "Can delete \u041a\u0430\u0442\u0435\u0433\u043e\u0440\u0438\u044f \u0432\u0438\u0434\u0435\u043e", "content_type": 10, "codename": "delete_videocategory"}}, {"model": "auth.permission", "pk": 31, "fields": {"name": "Can add \u041f\u043e\u0442\u043e\u043a\u043e\u0432\u043e\u0435 \u0430\u0443\u0434\u0438\u043e", "content_type": 11, "codename": "add_audiostream"}}, {"model": "auth.permission", "pk": 32, "fields": {"name": "Can change \u041f\u043e\u0442\u043e\u043a\u043e\u0432\u043e\u0435 \u0430\u0443\u0434\u0438\u043e", "content_type": 11, "codename": "change_audiostream"}}, {"model": "auth.permission", "pk": 33, "fields": {"name": "Can delete \u041f\u043e\u0442\u043e\u043a\u043e\u0432\u043e\u0435 \u0430\u0443\u0434\u0438\u043e", "content_type": 11, "codename": "delete_audiostream"}}, {"model": "auth.permission", "pk": 34, "fields": {"name": "Can add Stream channel", "content_type": 12, "codename": "add_videostreamset"}}, {"model": "auth.permission", "pk": 35, "fields": {"name": "Can change Stream channel", "content_type": 12, "codename": "change_videostreamset"}}, {"model": "auth.permission", "pk": 36, "fields": {"name": "Can delete Stream channel", "content_type": 12, "codename": "delete_videostreamset"}}, {"model": "auth.permission", "pk": 37, "fields": {"name": "Can add \u041f\u043e\u0442\u043e\u043a\u043e\u0432\u043e\u0435 \u0432\u0438\u0434\u0435\u043e", "content_type": 13, "codename": "add_videostream"}}, {"model": "auth.permission", "pk": 38, "fields": {"name": "Can change \u041f\u043e\u0442\u043e\u043a\u043e\u0432\u043e\u0435 \u0432\u0438\u0434\u0435\u043e", "content_type": 13, "codename": "change_videostream"}}, {"model": "auth.permission", "pk": 39, "fields": {"name": "Can delete \u041f\u043e\u0442\u043e\u043a\u043e\u0432\u043e\u0435 \u0432\u0438\u0434\u0435\u043e", "content_type": 13, "codename": "delete_videostream"}}, {"model": "auth.permission", "pk": 40, "fields": {"name": "Can add status", "content_type": 14, "codename": "add_status"}}, {"model": "auth.permission", "pk": 41, "fields": {"name": "Can change status", "content_type": 14, "codename": "change_status"}}, {"model": "auth.permission", "pk": 42, "fields": {"name": "Can delete status", "content_type": 14, "codename": "delete_status"}}, {"model": "auth.permission", "pk": 43, "fields": {"name": "Can add \u041f\u0440\u043e\u0444\u0435\u0441\u0441\u0438\u044f", "content_type": 15, "codename": "add_profession"}}, {"model": "auth.permission", "pk": 44, "fields": {"name": "Can change \u041f\u0440\u043e\u0444\u0435\u0441\u0441\u0438\u044f", "content_type": 15, "codename": "change_profession"}}, {"model": "auth.permission", "pk": 45, "fields": {"name": "Can delete \u041f\u0440\u043e\u0444\u0435\u0441\u0441\u0438\u044f", "content_type": 15, "codename": "delete_profession"}}, {"model": "auth.permission", "pk": 46, "fields": {"name": "Can add task status", "content_type": 16, "codename": "add_taskstatus"}}, {"model": "auth.permission", "pk": 47, "fields": {"name": "Can change task status", "content_type": 16, "codename": "change_taskstatus"}}, {"model": "auth.permission", "pk": 48, "fields": {"name": "Can delete task status", "content_type": 16, "codename": "delete_taskstatus"}}, {"model": "auth.permission", "pk": 49, "fields": {"name": "Can add task", "content_type": 17, "codename": "add_task"}}, {"model": "auth.permission", "pk": 50, "fields": {"name": "Can change task", "content_type": 17, "codename": "change_task"}}, {"model": "auth.permission", "pk": 51, "fields": {"name": "Can delete task", "content_type": 17, "codename": "delete_task"}}, {"model": "auth.permission", "pk": 52, "fields": {"name": "Can add \u041f\u0440\u043e\u0435\u043a\u0442", "content_type": 18, "codename": "add_project"}}, {"model": "auth.permission", "pk": 53, "fields": {"name": "Can change \u041f\u0440\u043e\u0435\u043a\u0442", "content_type": 18, "codename": "change_project"}}, {"model": "auth.permission", "pk": 54, "fields": {"name": "Can delete \u041f\u0440\u043e\u0435\u043a\u0442", "content_type": 18, "codename": "delete_project"}}, {"model": "auth.permission", "pk": 55, "fields": {"name": "Can add \u041f\u0440\u0438\u043e\u0440\u0438\u0442\u0435\u0442", "content_type": 19, "codename": "add_priority"}}, {"model": "auth.permission", "pk": 56, "fields": {"name": "Can change \u041f\u0440\u0438\u043e\u0440\u0438\u0442\u0435\u0442", "content_type": 19, "codename": "change_priority"}}, {"model": "auth.permission", "pk": 57, "fields": {"name": "Can delete \u041f\u0440\u0438\u043e\u0440\u0438\u0442\u0435\u0442", "content_type": 19, "codename": "delete_priority"}}, {"model": "auth.permission", "pk": 58, "fields": {"name": "Can add \u041e\u0442\u0434\u0435\u043b", "content_type": 20, "codename": "add_tracker"}}, {"model": "auth.permission", "pk": 59, "fields": {"name": "Can change \u041e\u0442\u0434\u0435\u043b", "content_type": 20, "codename": "change_tracker"}}, {"model": "auth.permission", "pk": 60, "fields": {"name": "Can delete \u041e\u0442\u0434\u0435\u043b", "content_type": 20, "codename": "delete_tracker"}}, {"model": "auth.user", "pk": 1, "fields": {"password": "pbkdf2_sha256$30000$zk0S8XJ1KSYL$QT9bl3VmnqfI38CfsZ2wjcBDeMSwxbboleUgjlUocOw=", "last_login": "2016-12-15T21:21:35Z", "is_superuser": true, "username": "Rust", "first_name": "", "last_name": "", "email": "test04@list.ru", "is_staff": true, "is_active": true, "date_joined": "2016-11-27T14:31:02Z", "groups": [], "user_permissions": []}}, {"model": "auth.user", "pk": 2, "fields": {"password": "pbkdf2_sha256$30000$Fw0p2vAt0yhD$TDBFwyLjEKWN0Ck/7AI2kalCanwj42CxireT+LrPDO0=", "last_login": null, "is_superuser": true, "username": "Lucien", "first_name": "", "last_name": "", "email": "", "is_staff": true, "is_active": true, "date_joined": "2016-12-13T08:50:44Z", "groups": [], "user_permissions": []}}, {"model": "abstract_crm.task", "pk": 1, "fields": {"title": "\u041f\u0435\u0440\u0435\u0440\u0430\u0431\u043e\u0442\u0430\u0442\u044c \u0434\u0438\u0437\u0430\u0439\u043d \u0441\u0430\u0439\u0442\u0430", "description": "<p>\u0423\u0441\u043b\u043e\u0432\u043d\u043e \u0440\u0430\u0437\u0434\u0435\u043b\u0438\u0442\u044c \u0434\u0438\u0437\u0430\u0439\u043d \u043c\u043e\u0436\u043d\u043e \u043d\u0430:</p>\r\n\r\n<p>1) \u0413\u043b\u0430\u0432\u043d\u0430\u044f \u0441\u0442\u0440\u0430\u043d\u0438\u0446\u0430</p>\r\n\r\n<p>2) \u0421\u0442\u0440\u0430\u043d\u0438\u0446\u0430 \u0441\u0442\u0440\u0438\u043c\u043e\u0432</p>\r\n\r\n<p>3) \u0421\u0442\u0440\u0430\u043d\u0438\u0446\u0430 \u043a\u0430\u0442\u0435\u0433\u043e\u0440\u0438\u0439 \u0432\u0438\u0434\u0435\u043e</p>\r\n\r\n<p>4) \u0421\u0442\u0440\u0430\u043d\u0438\u0446\u0430 \u043a\u0430\u0442\u0435\u0433\u043e\u0440\u0438\u0438 \u0432\u0438\u0434\u0435\u043e (\u0432\u044b\u0431\u043e\u0440 \u0430\u0432\u0442\u043e\u0440\u0430)</p>\r\n\r\n<p>5) \u0421\u0442\u0440\u0430\u043d\u0438\u0446\u0430 \u0430\u0432\u0442\u043e\u0440\u0430</p>\r\n\r\n<p>&nbsp;</p>\r\n\r\n<p>\u0412\u043e\u0437\u043c\u043e\u0436\u043d\u043e \u0438\u043c\u0435\u0435\u0442 \u0441\u043c\u044b\u0441\u043b \u0434\u043e\u0431\u0430\u0432\u0438\u0442\u044c \u0435\u0449\u0451 \u0441\u0442\u0440\u0430\u043d\u0438\u0446\u0443 \u043a\u043e\u043d\u043a\u0440\u0435\u0442\u043d\u043e\u0433\u043e \u0432\u0438\u0434\u0435\u043e, \u0441\u0442\u0440\u0430\u043d\u0438\u0446\u0443 \u0441\u0442\u0440\u0438\u043c-\u043a\u0430\u043d\u0430\u043b\u0430 \u0438 \u0441\u0442\u0440\u0430\u043d\u0438\u0446\u0443 \u0441\u0442\u0440\u0438\u043c\u0430, \u043a\u0430\u043a \u043d\u0430 \u0432\u0441\u0435\u0445 \u043f\u043e\u0434\u043e\u0431\u043d\u044b\u0445 \u0440\u0435\u0441\u0443\u0440\u0441\u0430\u0445. \u041d\u043e \u0441\u043f\u0435\u0440\u0432\u0430 \u043d\u0443\u0436\u043d\u043e \u0441\u0444\u043e\u0440\u043c\u0443\u043b\u0438\u0440\u043e\u0432\u0430\u0442\u044c \u043a\u0430\u043a\u0443\u044e \u0444\u0443\u043d\u043a\u0446\u0438\u044e \u043e\u043d\u0438 \u0431\u0443\u0434\u0443\u0442 \u0432\u044b\u043f\u043e\u043b\u043d\u044f\u0442\u044c \u0438 \u043a\u0430\u043a\u0438\u0435 \u044d\u043b\u0435\u043c\u0435\u043d\u0442\u044b \u043d\u0430 \u043d\u0438\u0445 \u0440\u0430\u0437\u043c\u0435\u0441\u0442\u0438\u0442\u044c</p>\r\n\r\n<p>&nbsp;</p>", "project": 1, "tracker": 1, "pid": null, "user": 1, "status": 1, "priority": 1, "time_creation": "2016-12-12T19:21:54Z", "time_end": null}}, {"model": "abstract_crm.task", "pk": 2, "fields": {"title": "\u042e\u0437\u0435\u0440\u043c\u0435\u043d\u044e", "description": "<p>\u041f\u0440\u0438\u0432\u0435\u0441\u0442\u0438 \u044e\u0437\u0435\u0440\u043c\u0435\u043d\u044e \u0432 \u0434\u043e\u0441\u0442\u043e\u0439\u043d\u044b\u0439 \u0432\u0438\u0434</p>", "project": 1, "tracker": null, "pid": null, "user": 1, "status": 1, "priority": 1, "time_creation": "2016-12-12T19:21:54Z", "time_end": null}}, {"model": "abstract_crm.task", "pk": 3, "fields": {"title": "\u043c\u043e\u0434\u0443\u043b\u044c \"\u043c\u0435\u043d\u0435\u0434\u0436\u043c\u0435\u043d\u0442 \u043f\u0440\u043e\u0435\u043a\u0442\u0430\"", "description": "<p>\u0420\u0430\u0437\u0440\u0430\u0431\u043e\u0442\u0430\u0442\u044c \u043c\u043e\u0434\u0443\u043b\u044c \u0434\u043b\u044f \u043a\u043e\u043d\u0442\u0440\u043e\u043b\u044f \u043f\u0440\u043e\u0446\u0435\u0441\u0441\u0430 \u0440\u0430\u0437\u0440\u0430\u0431\u043e\u0442\u043a\u0438, \u0438\u043d\u0442\u0435\u0433\u0440\u0438\u0440\u043e\u0432\u0430\u043d\u043d\u044b\u0439 \u0432 \u043d\u0430\u0448\u0443 \u0430\u0434\u043c\u0438\u043d\u043a\u0443.&nbsp;</p>\r\n\r\n<p>\u0410\u043d\u0430\u043b\u043e\u0433\u0438\u0447\u043d\u044b\u0435 \u0442\u0440\u0435\u043a\u0435\u0440\u044b \u0437\u0430\u0434\u0430\u0447 \u0443\u0436\u0435 \u0438\u043c\u0435\u044e\u0442\u0441\u044f (jira, redmine), \u043d\u043e \u043d\u0435\u043e\u0431\u0445\u043e\u0434\u0438\u043c\u043e \u0438\u0445 \u043d\u0430\u0441\u0442\u0440\u0430\u0438\u0432\u0430\u0442\u044c, \u0434\u043e\u0431\u0430\u0432\u043b\u044f\u0442\u044c \u043f\u043e\u043b\u044c\u0437\u043e\u0432\u0430\u0442\u0435\u043b\u0435\u0439, \u043b\u043e\u0433\u0438\u043d\u044b-\u043f\u0430\u0440\u043e\u043b\u0438 \u043e\u0442\u0434\u0435\u043b\u044c\u043d\u044b\u0435 \u0441\u043e\u0437\u0434\u0430\u0432\u0430\u0442\u044c. \u0421\u043e\u0431\u0441\u0442\u0432\u0435\u043d\u043d\u043e \u043e\u043d \u0443\u0436\u0435 \u0433\u043e\u0442\u043e\u0432, \u0432 \u043d\u0451\u043c \u044f \u0438 \u043f\u0438\u0448\u0443 \u044d\u0442\u043e\u0442 \u0434\u043b\u0438\u043d\u043d\u044b\u0439 \u0442\u0435\u043a\u0441\u0442</p>", "project": 1, "tracker": 2, "pid": null, "user": 1, "status": 3, "priority": 1, "time_creation": "2016-12-13T08:33:15Z", "time_end": null}}, {"model": "abstract_crm.task", "pk": 4, "fields": {"title": "\u0412\u043d\u0435\u0448\u043d\u0438\u0439 \u0432\u0438\u0434 \u0441\u0442\u0440\u0430\u043d\u0438\u0446\u044b \u0441\u0442\u0430\u0442\u0435\u0439", "description": "<p>\u0414\u043e\u0440\u0430\u0431\u043e\u0442\u0430\u0442\u044c \u0432\u043d\u0435\u0448\u043d\u0438\u0439 \u0432\u0438\u0434 \u0441\u0442\u0440\u0430\u043d\u0438\u0446\u044b \u0441\u0442\u0430\u0442\u0435\u0439. \u0411\u0435\u043a\u0433\u0440\u0430\u0443\u043d\u0434 \u0441\u0438\u043d\u0438\u0439, \u0422\u0435\u043a\u0441\u0442 \u043d\u0430\u0445\u043e\u0434\u0438\u0442\u0441\u044f \u0432 \u0440\u0430\u043c\u043a\u0435 \u0441 \u0447\u0451\u0440\u043d\u044b\u043c \u0431\u0435\u043a\u0433\u0440\u0430\u0443\u043d\u0434\u043e\u043c&nbsp;</p>", "project": 1, "tracker": 1, "pid": 1, "user": 1, "status": 3, "priority": 1, "time_creation": "2016-12-13T08:33:15Z", "time_end": null}}, {"model": "abstract_crm.task", "pk": 5, "fields": {"title": "\u0410\u043a\u0442\u0443\u0430\u043b\u044c\u043d\u044b\u0435 \u043a\u0430\u0442\u0435\u0433\u043e\u0440\u0438\u0438", "description": "<p>\u0421\u0442\u0430\u0440\u043e\u0435 \u0434\u0435\u0440\u0435\u0432\u043e \u043a\u0430\u0442\u0435\u0433\u043e\u0440\u0438\u0439 \u043a\u0430\u043d\u0443\u043b\u043e \u0432 \u043b\u0435\u0442\u0443 \u043f\u043e \u0440\u044f\u0434\u0443 \u043f\u0440\u0438\u0447\u0438\u043d</p>\r\n\r\n<p>\u041d\u0435\u043e\u0431\u0445\u043e\u0434\u0438\u043c\u043e \u0441\u043e\u0437\u0434\u0430\u0442\u044c \u043d\u043e\u0432\u043e\u0435, \u043f\u043e\u043a\u0430 \u0442\u043e\u043b\u044c\u043a\u043e \u0441 \u0442\u0435\u043c\u0438 \u043a\u0430\u0442\u0435\u0433\u043e\u0440\u0438\u044f\u043c\u0438, \u0434\u043b\u044f \u043a\u043e\u0442\u043e\u0440\u044b\u0445 \u0443\u0436\u0435 \u0435\u0441\u0442\u044c, \u043b\u0438\u0431\u043e \u0442\u043e\u0447\u043d\u043e \u0431\u0443\u0434\u0443\u0442 \u0430\u0432\u0442\u043e\u0440\u044b \u0432 \u0431\u043b\u0438\u0436\u0430\u0439\u0448\u0435\u0435 \u0432\u0440\u0435\u043c\u044f</p>", "project": 1, "tracker": 3, "pid": null, "user": 2, "status": 1, "priority": 1, "time_creation": "2016-12-13T08:33:15Z", "time_end": null}}, {"model": "abstract_crm.task", "pk": 6, "fields": {"title": "\u0410\u043a\u0442\u0443\u0430\u043b\u044c\u043d\u044b\u0435 \u043f\u0440\u043e\u0444\u0435\u0441\u0441\u0438\u0438", "description": "<p>\u0414\u043e\u0431\u0430\u0432\u0438\u0442\u044c \u043f\u0440\u043e\u0444\u0435\u0441\u0441\u0438\u0438 \u0430\u0432\u0442\u043e\u0440\u043e\u0432, \u0432 \u0438\u0434\u0435\u0430\u043b\u0435 \u043f\u043e\u043a\u0430 \u043c\u0438\u043d\u0438\u043c\u0430\u043b\u044c\u043d\u044b\u0439 \u043d\u0430\u0431\u043e\u0440 \u0442\u043e\u043b\u044c\u043a\u043e \u0442\u0435\u0445 \u043f\u0440\u043e\u0444\u0435\u0441\u0441\u0438\u0439, \u0434\u043b\u044f \u043a\u043e\u0442\u043e\u0440\u044b\u0445 \u0435\u0441\u0442\u044c \u0430\u0432\u0442\u043e\u0440\u044b.</p>\r\n\r\n<p>\u041d\u043e\u0432\u044b\u0435 \u043f\u0440\u043e\u0444\u0435\u0441\u0441\u0438\u0438&nbsp;\u043c\u043e\u0436\u043d\u043e \u0432 \u043b\u044e\u0431\u043e\u0439 \u043c\u043e\u043c\u0435\u043d\u0442 \u0434\u043e\u0431\u0430\u0432\u0438\u0442\u044c \u0432 \u0430\u0434\u043c\u0438\u043d\u043a\u0435</p>", "project": 1, "tracker": 3, "pid": null, "user": 2, "status": 1, "priority": 1, "time_creation": "2016-12-13T08:33:15Z", "time_end": null}}, {"model": "abstract_crm.task", "pk": 7, "fields": {"title": "\u041b\u043e\u0433\u043e\u0442\u0438\u043f", "description": "<p>\u0421\u0434\u0435\u043b\u0430\u0442\u044c \u043b\u043e\u0433\u043e\u0442\u0438\u043f \u0432 \u043d\u0435\u0441\u043a\u043e\u043b\u044c\u043a\u0438\u0445 \u0444\u043e\u0440\u043c\u0430\u0442\u0430\u0445</p>\r\n\r\n<p>1) 16*16px - favicon.ico - \u044d\u0442\u043e \u0442\u043e, \u0447\u0442\u043e \u0431\u0443\u0434\u0435\u0442 \u043e\u0442\u043e\u0431\u0440\u0430\u0436\u0430\u0442\u044c\u0441\u044f \u0432 \u0431\u0440\u0430\u0443\u0437\u0435\u0440\u043d\u043e\u0439 \u0432\u043a\u043b\u0430\u0434\u043a\u0435.&nbsp;</p>\r\n\r\n<p>2) 150*50 - logo.png - \u0421\u043e\u0431\u0441\u0442\u0432\u0435\u043d\u043d\u043e \u043b\u043e\u0433\u043e \u043d\u0430 \u0433\u043b\u0430\u0432\u043d\u043e\u0439 \u0441\u0442\u0440\u0430\u043d\u0438\u0446\u0435 \u0432 \u043b\u0435\u0432\u043e\u0439 \u0447\u0430\u0441\u0442\u0438 \u0445\u0435\u0434\u0435\u0440\u0430. \u041a\u0430\u043a \u0432\u0430\u0440\u0438\u0430\u043d\u0442 \u0436\u0451\u043b\u0442\u0443\u044e \u0438\u043b\u0438 \u044f\u0440\u043a\u043e-\u043e\u0440\u0430\u043d\u0436\u0435\u0432\u0443\u044e \u043d\u0430\u0434\u043f\u0438\u0441\u044c \u0430\u043d\u0438\u043c\u0430, \u0433\u0434\u0435 \u043e\u0434\u043d\u0430 \u0438\u0437 \u0431\u0443\u043a\u0432 \u0441\u0442\u0438\u043b\u0438\u0437\u043e\u0432\u0430\u043d\u0430 \u043a\u0430\u043a favicon.ico&nbsp;</p>", "project": 1, "tracker": 1, "pid": null, "user": 1, "status": 1, "priority": 1, "time_creation": "2016-12-13T08:33:15Z", "time_end": null}}, {"model": "abstract_crm.task", "pk": 8, "fields": {"title": "\u041c\u0435\u0445\u0430\u043d\u0438\u0437\u043c \u0431\u044d\u043a\u0430\u043f\u0430 \u043a\u043e\u0434\u0430 \u0438 \u0434\u0430\u043d\u043d\u044b\u0445", "description": "<p>\u0420\u0435\u0430\u043b\u0438\u0437\u043e\u0432\u0430\u0442\u044c \u043c\u0435\u0445\u0430\u043d\u0438\u0437\u043c \u0441\u043e\u0445\u0440\u0430\u043d\u0435\u043d\u0438\u044f \u0438 \u043f\u0435\u0440\u0435\u043d\u043e\u0441\u0430 \u0434\u0430\u043d\u043d\u044b\u0445. \u0423\u0441\u043b\u043e\u0432\u043d\u043e \u0440\u0430\u0437\u0434\u0435\u043b\u0438\u0442\u044c \u043c\u043e\u0436\u043d\u043e \u043d\u0430 \u0442\u0440\u0438 \u0433\u0440\u0443\u043f\u043f\u044b: \u043a\u043e\u0434, \u0434\u0430\u043d\u043d\u044b\u0435 \u0438 \u043c\u0435\u0434\u0438\u0430-\u043a\u043e\u043d\u0442\u0435\u043d\u0442</p>\r\n\r\n<p>1) \u041f\u0435\u0440\u0435\u043d\u043e\u0441 \u043a\u043e\u0434\u0430 -&nbsp;\u0443\u0436\u0435 \u0438\u0441\u043f\u043e\u043b\u044c\u0437\u0443\u0435\u043c git</p>\r\n\r\n<p>2) \u041f\u0435\u0440\u0435\u043d\u043e\u0441 \u0441\u0430\u043c\u0438\u0445 \u0434\u0430\u043d\u043d\u044b\u0445 \u0440\u0435\u0430\u043b\u0438\u0437\u043e\u0432\u0430\u0442\u044c \u043c\u043e\u0436\u043d\u043e \u0444\u0438\u043a\u0441\u0442\u0443\u0440\u0430\u043c\u0438, \u043b\u0438\u0431\u043e \u0431\u044d\u043a\u0430\u043f\u043e\u043c \u0431\u0430\u0437\u044b \u0434\u0430\u043d\u043d\u044b\u0445 mysql. \u041d\u043e \u0432 \u043f\u0435\u0440\u0432\u043e\u043c \u0441\u043b\u0443\u0447\u0430\u0435 \u0434\u0430\u043d\u043d\u044b\u0435 \u0438 \u043a\u043e\u0434 \u043c\u043e\u0436\u043d\u043e \u0445\u0440\u0430\u043d\u0438\u0442\u044c \u0432 \u0440\u0435\u043f\u043e\u0437\u0438\u0442\u043e\u0440\u0438\u0438 \u0432\u043c\u0435\u0441\u0442\u0435 \u0438 \u043a\u0430\u0436\u0434\u044b\u0439 \u0431\u044d\u043a\u0430\u043f \u0431\u0443\u0434\u0435\u0442 \u0441 \u0430\u043a\u0442\u0443\u0430\u043b\u044c\u043d\u044b\u043c\u0438 \u0434\u0430\u043d\u043d\u044b\u043c\u0438 \u0434\u043b\u044f \u0442\u0435\u043a\u0443\u0449\u0435\u0433\u043e \u043a\u043e\u0434\u0430.</p>\r\n\r\n<p>3) \u041c\u0435\u0434\u0438\u0430-\u043a\u043e\u043d\u0442\u0435\u043d\u0442 \u043f\u043e \u0441\u0443\u0442\u0438 \u0445\u0440\u0430\u043d\u0438\u0442\u0441\u044f \u0432 \u0441\u0432\u043e\u0435\u0439 \u043f\u0430\u043f\u043a\u0435 \u043d\u0430 \u0441\u0435\u0440\u0432\u0435\u0440\u0435. \u0421\u0441\u044b\u043b\u043a\u0438 \u043d\u0430 \u043c\u0435\u0434\u0438\u0430-\u0444\u0430\u0439\u043b\u044b \u0445\u0440\u0430\u043d\u044f\u0442\u0441\u044f \u0432 \u0431\u0430\u0437\u0435 \u0434\u0430\u043d\u043d\u044b\u0445.&nbsp;</p>\r\n\r\n<p>\u0421\u043e\u0431\u0441\u0442\u0432\u0435\u043d\u043d\u043e \u0432 \u0430\u0434\u043c\u0438\u043d\u043a\u0435 \u043d\u0443\u0436\u043d\u043e \u0434\u043e\u0431\u0430\u0432\u0438\u0442\u044c \u0432\u043e\u0437\u043c\u043e\u0436\u043d\u043e\u0441\u0442\u044c \u044d\u043a\u0441\u043f\u043e\u0440\u0442\u0438\u0440\u043e\u0432\u0430\u0442\u044c \u043a\u043e\u0434, \u0434\u0430\u043d\u043d\u044b\u0435&nbsp;\u0438 \u043a\u043e\u043d\u0442\u0435\u043d\u0442&nbsp;\u0432 \u043e\u0434\u0438\u043d&nbsp;zip-\u0444\u0430\u0439\u043b&nbsp;\u0438 \u0432\u043e\u0437\u043c\u043e\u0436\u043d\u043e\u0441\u0442\u044c \u044d\u0442\u0438 \u0431\u044d\u043a\u0430\u043f\u044b \u0438\u0437 \u0430\u0434\u043c\u0438\u043d\u043a\u0438 \u0440\u0430\u0437\u0432\u043e\u0440\u0430\u0447\u0438\u0432\u0430\u0442\u044c \u043d\u0430 \u043b\u044e\u0431\u043e\u043c \u0443\u0441\u0442\u0440\u043e\u0439\u0441\u0442\u0432\u0435.</p>", "project": 1, "tracker": 2, "pid": null, "user": 1, "status": 1, "priority": 3, "time_creation": "2016-12-13T08:33:15Z", "time_end": null}}, {"model": "abstract_crm.task", "pk": 9, "fields": {"title": "\u0443\u0440\u043e\u0432\u043d\u0438 \u0434\u043e\u0441\u0442\u0443\u043f\u0430 (gold, silver, etc.)", "description": "<p>\u0421\u043e\u0437\u0434\u0430\u0442\u044c \u0441\u0443\u0449\u043d\u043e\u0441\u0442\u044c \u0443\u0440\u043e\u0432\u043d\u0435\u0439 \u0434\u043e\u0441\u0442\u0443\u043f\u0430 \u0434\u043b\u044f \u0430\u0432\u0442\u043e\u0440\u043e\u0432. \u041f\u0440\u0438 \u0438\u0437\u043c\u0435\u043d\u0435\u043d\u0438\u0438 \u0443\u0440\u043e\u0432\u043d\u044f \u0434\u043e\u0441\u0442\u0443\u043f\u0430 - \u043c\u0435\u043d\u044f\u0442\u044c \u0446\u0432\u0435\u0442. \u0415\u0441\u043b\u0438 \u043d\u0435\u0434\u043e\u0441\u0442\u0430\u0442\u043e\u0447\u043d\u043e \u043f\u0440\u0430\u0432 \u0434\u043b\u044f \u043f\u0440\u043e\u0441\u043c\u043e\u0442\u0440\u0430 \u044d\u0442\u043e\u0433\u043e \u0430\u0432\u0442\u043e\u0440\u0430 - \u043f\u043e\u043a\u0430\u0437\u044b\u0432\u0430\u0442\u044c \u043a\u043d\u043e\u043f\u043a\u0443 &quot;\u041f\u043e\u043b\u0443\u0447\u0438\u0442\u044c \u0434\u043e\u0441\u0442\u0443\u043f&quot;</p>", "project": 1, "tracker": 4, "pid": null, "user": 1, "status": 2, "priority": 2, "time_creation": "2016-12-13T09:27:04Z", "time_end": null}}, {"model": "abstract_crm.task", "pk": 10, "fields": {"title": "\u041c\u043d\u043e\u0433\u043e\u043f\u043e\u0442\u043e\u0447\u043d\u043e\u0441\u0442\u044c \u0432 \u0441\u0442\u0440\u0438\u043c\u0438\u043d\u0433\u0435", "description": "<p>\u041d\u0430 \u0442\u0435\u043a\u0443\u0449\u0438\u0439 \u043c\u043e\u043c\u0435\u043d\u0442 \u0440\u0435\u0430\u043b\u0438\u0437\u043e\u0432\u0430\u043d\u0430 \u0442\u043e\u043b\u044c\u043a\u043e \u043e\u0434\u043d\u043e\u043f\u043e\u0442\u043e\u0447\u043d\u0430\u044f \u0432\u044b\u0434\u0430\u0447\u0430 \u0432\u0438\u0434\u0435\u043e. \u0422.\u0435. \u0442\u043e\u043b\u044c\u043a\u043e \u0441 \u043e\u0434\u043d\u043e\u0433\u043e \u0443\u0441\u0442\u0440\u043e\u0439\u0441\u0442\u0432\u0430 \u043c\u043e\u0436\u043d\u043e \u0441\u0442\u0440\u0438\u043c\u0438\u0442\u044c \u0438 \u043f\u043e \u0441\u0442\u0430\u0442\u0438\u0447\u043d\u043e\u043c\u0443 url \u044d\u0442\u043e\u0442 \u0441\u0442\u0440\u0438\u043c \u0431\u0443\u0434\u0435\u0442 \u0434\u043e\u0441\u0442\u0443\u043f\u0435\u043d. \u041d\u0435\u043e\u0431\u0445\u043e\u0434\u0438\u043c\u043e \u0440\u0435\u0430\u043b\u0438\u0437\u043e\u0432\u0430\u0442\u044c \u043c\u043d\u043e\u0433\u043e\u043f\u043e\u0442\u043e\u0447\u043d\u0443\u044e \u0440\u0430\u0437\u0434\u0430\u0447\u0443 \u0438 \u0443\u0434\u043e\u0431\u043d\u044b\u0439 \u043c\u0435\u0445\u0430\u043d\u0438\u0437\u043c \u0440\u0435\u0434\u0430\u043a\u0442\u0438\u0440\u043e\u0432\u0430\u043d\u0438\u044f \u0441\u0442\u0440\u0438\u043c\u043e\u0432 \u0438 \u043a\u0430\u043d\u0430\u043b\u043e\u0432 \u0432 \u0430\u0434\u043c\u0438\u043d\u043a\u0435</p>", "project": 1, "tracker": 5, "pid": null, "user": 1, "status": 1, "priority": 2, "time_creation": "2016-12-13T09:27:04Z", "time_end": null}}, {"model": "abstract_crm.task", "pk": 11, "fields": {"title": "\u0420\u0430\u0441\u043f\u0438\u0441\u0430\u043d\u0438\u0435 \u0441\u0442\u0440\u0438\u043c\u043e\u0432", "description": "<p>\u0414\u043e\u0434\u0443\u043c\u0430\u0442\u044c \u0438 \u0437\u0430\u043f\u0438\u043b\u0438\u0442\u044c \u043c\u0435\u0445\u0430\u043d\u0438\u0437\u043c \u0440\u0435\u0434\u0430\u043a\u0442\u0438\u0440\u043e\u0432\u0430\u043d\u0438\u044f \u0438 \u043f\u043e\u043a\u0430\u0437\u0430 \u0440\u0430\u0441\u043f\u0438\u0441\u0430\u043d\u0438\u0439 \u0441\u0442\u0440\u0438\u043c\u043e\u0432 \u043d\u0430 \u043a\u0430\u043d\u0430\u043b\u0430\u0445</p>", "project": 1, "tracker": 4, "pid": null, "user": 1, "status": 2, "priority": 2, "time_creation": "2016-12-13T09:27:04Z", "time_end": null}}, {"model": "abstract_crm.task", "pk": 12, "fields": {"title": "\u0421\u043b\u0430\u0439\u0434\u0435\u0440\u044b \u0430\u0432\u0442\u043e\u0440\u043e\u0432 \u0438 \u0432\u0438\u0434\u0435\u043e", "description": "<p>\u0414\u043e\u0431\u0438\u0442\u044c \u0434\u0432\u0430 \u0441\u043b\u0430\u0439\u0434\u0435\u0440\u0430</p>\r\n\r\n<p>1) \u041d\u0430 \u0441\u0442\u0440\u0430\u043d\u0438\u0446\u0435 \u043a\u0430\u0442\u0435\u0433\u043e\u0440\u0438\u0439 \u0434\u043e\u0431\u0430\u0432\u0438\u0442\u044c \u0441\u043b\u0430\u0439\u0434\u0435\u0440 \u0441 \u0430\u0432\u0442\u043e\u0440\u0430\u043c\u0438</p>\r\n\r\n<p>2) \u041d\u0430 \u0441\u0442\u0440\u0430\u043d\u0438\u0446\u0435 \u0430\u0432\u0442\u043e\u0440\u0430 \u0434\u043e\u0431\u0430\u0432\u0438\u0442\u044c \u0441\u043b\u0430\u0439\u0434\u0435\u0440 \u0441 \u0432\u0438\u0434\u0435\u043e&nbsp;</p>", "project": 1, "tracker": 4, "pid": null, "user": 1, "status": 2, "priority": 2, "time_creation": "2016-12-13T09:27:04Z", "time_end": null}}, {"model": "abstract_crm.task", "pk": 13, "fields": {"title": "\u0425\u043b\u0435\u0431\u043d\u044b\u0435 \u043a\u0440\u043e\u0448\u043a\u0438", "description": "<p>\u041f\u0440\u0438\u043a\u0440\u0443\u0442\u0438\u0442\u044c breadcrumps (\u0445\u043b\u0435\u0431\u043d\u044b\u0435 \u043a\u0440\u043e\u0448\u043a\u0438).&nbsp;</p>\r\n\r\n<p>\u041d\u0430 \u0441\u0442\u0440\u0430\u043d\u0438\u0446\u0430\u0445 \u043a\u0430\u0442\u0435\u0433\u043e\u0440\u0438\u0438 \u0438 \u0430\u0432\u0442\u043e\u0440\u0430 \u043d\u0435\u044f\u0441\u043d\u043e \u043a\u0430\u043a \u043f\u0435\u0440\u0435\u043c\u0435\u0441\u0442\u0438\u0442\u044c\u0441\u044f \u0432 \u0434\u0440\u0443\u0433\u043e\u0439 \u0440\u0430\u0437\u0434\u0435\u043b \u0441\u0430\u0439\u0442\u0430 \u0438 \u0433\u0434\u0435 \u043c\u044b \u043d\u0430\u0445\u043e\u0434\u0438\u043c\u0441\u044f.</p>\r\n\r\n<p>\u0420\u0435\u0430\u043b\u0438\u0437\u043e\u0432\u0430\u0442\u044c \u0443\u0434\u043e\u0431\u043d\u044b\u0439 \u043c\u0435\u0445\u0430\u043d\u0438\u0437\u043c \u043d\u0430\u0432\u0438\u0433\u0430\u0446\u0438\u0438 \u0438 \u0442\u0435\u043a\u0443\u0449\u0435\u0435 \u043f\u043e\u043b\u043e\u0436\u0435\u043d\u0438\u0435. \u041d\u0430\u043f\u0440\u0438\u043c\u0435\u0440, \u0434\u043b\u044f \u0432\u0438\u0434\u0435\u043e \u0438\u043c\u0435\u044e\u0449\u0438\u044e \u0432\u0438\u0434:</p>\r\n\r\n<p><strong>\u0413\u043b\u0430\u0432\u043d\u0430\u044f -&gt; \u041b\u043e\u0433\u0438\u043a\u0430 -&gt; \u0424\u043e\u0440\u043c\u0430\u043b\u044c\u043d\u0430\u044f \u043b\u043e\u0433\u0438\u043a\u0430 -&gt; \u0410\u0432\u0442\u043e\u0440 \u0418\u0432\u0430\u043d -&gt;</strong> \u041e\u0441\u043d\u043e\u0432\u044b \u0444\u043e\u0440\u043c\u0430\u043b\u044c\u043d\u043e\u0439 \u043b\u043e\u0433\u0438\u043a\u0438</p>", "project": 1, "tracker": 4, "pid": null, "user": 1, "status": 1, "priority": 1, "time_creation": "2016-12-13T09:27:04Z", "time_end": null}}, {"model": "abstract_crm.task", "pk": 14, "fields": {"title": "\u0418\u043a\u043e\u043d\u043a\u0438 \u043a\u0430\u0442\u0435\u0433\u043e\u0440\u0438\u0439", "description": "<p>\u0414\u043b\u044f \u0441\u043e\u0437\u0434\u0430\u043d\u043d\u044b\u0445 \u043a\u0430\u0442\u0435\u0433\u043e\u0440\u0438\u0439 \u0441\u0434\u0435\u043b\u0430\u0442\u044c \u0438\u043a\u043e\u043d\u043a\u0438 130*45px \u0432 \u0444\u043e\u0440\u043c\u0430\u0442\u0435 png \u043d\u0430 \u043f\u0440\u043e\u0437\u0440\u0430\u0447\u043d\u043e\u043c \u0444\u043e\u043d\u0435</p>", "project": 1, "tracker": 1, "pid": 5, "user": 1, "status": 1, "priority": 1, "time_creation": "2016-12-13T09:27:04Z", "time_end": null}}, {"model": "admin.logentry", "pk": 1, "fields": {"action_time": "2016-12-06T10:45:21Z", "user": 1, "content_type": 10, "object_id": "1", "object_repr": "up", "action_flag": 1, "change_message": "[{\"added\": {}}]"}}, {"model": "admin.logentry", "pk": 2, "fields": {"action_time": "2016-12-06T10:45:36Z", "user": 1, "content_type": 10, "object_id": "2", "object_repr": "upfd", "action_flag": 1, "change_message": "[{\"added\": {}}]"}}, {"model": "admin.logentry", "pk": 3, "fields": {"action_time": "2016-12-06T10:45:49Z", "user": 1, "content_type": 10, "object_id": "3", "object_repr": "gtrt", "action_flag": 1, "change_message": "[{\"added\": {}}]"}}, {"model": "admin.logentry", "pk": 4, "fields": {"action_time": "2016-12-06T10:51:37Z", "user": 1, "content_type": 9, "object_id": "1", "object_repr": "wr", "action_flag": 1, "change_message": "[{\"added\": {}}]"}}, {"model": "admin.logentry", "pk": 5, "fields": {"action_time": "2016-12-06T11:09:57Z", "user": 1, "content_type": 8, "object_id": "1", "object_repr": "rre", "action_flag": 1, "change_message": "[{\"added\": {}}]"}}, {"model": "admin.logentry", "pk": 6, "fields": {"action_time": "2016-12-07T23:12:26Z", "user": 1, "content_type": 12, "object_id": "1", "object_repr": "wqe", "action_flag": 1, "change_message": "[{\"added\": {}}]"}}, {"model": "admin.logentry", "pk": 7, "fields": {"action_time": "2016-12-10T09:25:44Z", "user": 1, "content_type": 14, "object_id": "1", "object_repr": "free", "action_flag": 1, "change_message": "[{\"added\": {}}]"}}, {"model": "admin.logentry", "pk": 8, "fields": {"action_time": "2016-12-10T09:25:54Z", "user": 1, "content_type": 14, "object_id": "2", "object_repr": "bronze", "action_flag": 1, "change_message": "[{\"added\": {}}]"}}, {"model": "admin.logentry", "pk": 9, "fields": {"action_time": "2016-12-10T09:26:01Z", "user": 1, "content_type": 14, "object_id": "3", "object_repr": "silver", "action_flag": 1, "change_message": "[{\"added\": {}}]"}}, {"model": "admin.logentry", "pk": 10, "fields": {"action_time": "2016-12-10T09:26:08Z", "user": 1, "content_type": 14, "object_id": "4", "object_repr": "gold", "action_flag": 1, "change_message": "[{\"added\": {}}]"}}, {"model": "admin.logentry", "pk": 11, "fields": {"action_time": "2016-12-10T09:42:29Z", "user": 1, "content_type": 9, "object_id": "2", "object_repr": "Medved", "action_flag": 1, "change_message": "[{\"added\": {}}]"}}, {"model": "admin.logentry", "pk": 12, "fields": {"action_time": "2016-12-10T13:13:33Z", "user": 1, "content_type": 7, "object_id": "1", "object_repr": "\u0422\u0435\u0441\u0442\u043e\u0432\u0430\u044f \u0441\u0442\u0430\u0442\u044c\u044f", "action_flag": 1, "change_message": "[{\"added\": {}}]"}}, {"model": "admin.logentry", "pk": 13, "fields": {"action_time": "2016-12-10T14:43:57Z", "user": 1, "content_type": 7, "object_id": "1", "object_repr": "\u0422\u0435\u0441\u0442\u043e\u0432\u0430\u044f \u0441\u0442\u0430\u0442\u044c\u044f", "action_flag": 2, "change_message": "[{\"changed\": {\"fields\": [\"keywords\", \"description\"]}}]"}}, {"model": "admin.logentry", "pk": 14, "fields": {"action_time": "2016-12-10T16:39:51Z", "user": 1, "content_type": 9, "object_id": "1", "object_repr": "\u0442\u0435\u0441\u0442\u043e\u0432\u044b\u0439 \u0444\u0430\u0435\u0440\u0449\u0438\u043a", "action_flag": 2, "change_message": "[{\"changed\": {\"fields\": [\"title\", \"description\", \"url\", \"status\"]}}]"}}, {"model": "admin.logentry", "pk": 15, "fields": {"action_time": "2016-12-10T16:47:37Z", "user": 1, "content_type": 9, "object_id": "3", "object_repr": "\u0441\u0435\u0440\u0435\u0431\u0440\u044f\u043d\u043d\u044b\u0439 \u0444\u0430\u0435\u0440\u0449\u0438\u043a", "action_flag": 1, "change_message": "[{\"added\": {}}]"}}, {"model": "admin.logentry", "pk": 16, "fields": {"action_time": "2016-12-10T16:54:07Z", "user": 1, "content_type": 9, "object_id": "4", "object_repr": "\u0437\u043e\u043b\u043e\u0442\u043e\u0439 \u041c\u0435\u0434\u0432\u0435\u0434", "action_flag": 1, "change_message": "[{\"added\": {}}]"}}, {"model": "admin.logentry", "pk": 17, "fields": {"action_time": "2016-12-10T16:55:53Z", "user": 1, "content_type": 15, "object_id": "1", "object_repr": "\u0424\u0430\u0435\u0440\u0449\u0438\u043a", "action_flag": 1, "change_message": "[{\"added\": {}}]"}}, {"model": "admin.logentry", "pk": 18, "fields": {"action_time": "2016-12-10T16:55:58Z", "user": 1, "content_type": 15, "object_id": "2", "object_repr": "\u041c\u0435\u0434\u0432\u0435\u0434", "action_flag": 1, "change_message": "[{\"added\": {}}]"}}, {"model": "admin.logentry", "pk": 19, "fields": {"action_time": "2016-12-12T19:22:27Z", "user": 1, "content_type": 18, "object_id": "1", "object_repr": "Anima", "action_flag": 1, "change_message": "[{\"added\": {}}]"}}, {"model": "admin.logentry", "pk": 20, "fields": {"action_time": "2016-12-12T19:23:44Z", "user": 1, "content_type": 19, "object_id": "1", "object_repr": "\u041d\u0438\u0437\u043a\u0438\u0439", "action_flag": 1, "change_message": "[{\"added\": {}}]"}}, {"model": "admin.logentry", "pk": 21, "fields": {"action_time": "2016-12-12T19:23:49Z", "user": 1, "content_type": 19, "object_id": "2", "object_repr": "\u041d\u043e\u0440\u043c\u0430\u043b\u044c\u043d\u044b\u0439", "action_flag": 1, "change_message": "[{\"added\": {}}]"}}, {"model": "admin.logentry", "pk": 22, "fields": {"action_time": "2016-12-12T19:23:58Z", "user": 1, "content_type": 19, "object_id": "3", "object_repr": "\u0412\u044b\u0441\u043e\u043a\u0438\u0439", "action_flag": 1, "change_message": "[{\"added\": {}}]"}}, {"model": "admin.logentry", "pk": 23, "fields": {"action_time": "2016-12-12T19:24:06Z", "user": 1, "content_type": 19, "object_id": "4", "object_repr": "\u041a\u0440\u0438\u0442\u0438\u0447\u0435\u0441\u043a\u0438\u0439", "action_flag": 1, "change_message": "[{\"added\": {}}]"}}, {"model": "admin.logentry", "pk": 24, "fields": {"action_time": "2016-12-13T06:38:09Z", "user": 1, "content_type": 16, "object_id": "1", "object_repr": "\u041d\u043e\u0440\u043c\u0430\u043b\u044c\u043d\u044b\u0439", "action_flag": 1, "change_message": "[{\"added\": {}}]"}}, {"model": "admin.logentry", "pk": 25, "fields": {"action_time": "2016-12-13T06:38:32Z", "user": 1, "content_type": 16, "object_id": "2", "object_repr": "\u0412\u044b\u0441\u043e\u043a\u0438\u0439", "action_flag": 1, "change_message": "[{\"added\": {}}]"}}, {"model": "admin.logentry", "pk": 26, "fields": {"action_time": "2016-12-13T06:38:43Z", "user": 1, "content_type": 16, "object_id": "3", "object_repr": "\u041a\u0440\u0438\u0442\u0438\u0447\u0435\u0441\u043a\u0438\u0439", "action_flag": 1, "change_message": "[{\"added\": {}}]"}}, {"model": "admin.logentry", "pk": 27, "fields": {"action_time": "2016-12-13T06:44:37Z", "user": 1, "content_type": 17, "object_id": "1", "object_repr": "\u041f\u0435\u0440\u0435\u0440\u0430\u0431\u043e\u0442\u0430\u0442\u044c \u0434\u0438\u0437\u0430\u0439\u043d \u0441\u0430\u0439\u0442\u0430", "action_flag": 1, "change_message": "[{\"added\": {}}]"}}, {"model": "admin.logentry", "pk": 28, "fields": {"action_time": "2016-12-13T07:22:13Z", "user": 1, "content_type": 17, "object_id": "2", "object_repr": "\u042e\u0437\u0435\u0440\u043c\u0435\u043d\u044e", "action_flag": 1, "change_message": "[{\"added\": {}}]"}}, {"model": "admin.logentry", "pk": 29, "fields": {"action_time": "2016-12-13T08:00:52Z", "user": 1, "content_type": 20, "object_id": "1", "object_repr": "\u0414\u0438\u0437\u0430\u0439\u043d", "action_flag": 1, "change_message": "[{\"added\": {}}]"}}, {"model": "admin.logentry", "pk": 30, "fields": {"action_time": "2016-12-13T08:01:12Z", "user": 1, "content_type": 17, "object_id": "1", "object_repr": "\u041f\u0435\u0440\u0435\u0440\u0430\u0431\u043e\u0442\u0430\u0442\u044c \u0434\u0438\u0437\u0430\u0439\u043d \u0441\u0430\u0439\u0442\u0430", "action_flag": 2, "change_message": "[{\"changed\": {\"fields\": [\"tracker\", \"status\"]}}]"}}, {"model": "admin.logentry", "pk": 31, "fields": {"action_time": "2016-12-13T08:39:06Z", "user": 1, "content_type": 20, "object_id": "2", "object_repr": "Operational", "action_flag": 1, "change_message": "[{\"added\": {}}]"}}, {"model": "admin.logentry", "pk": 32, "fields": {"action_time": "2016-12-13T08:44:09Z", "user": 1, "content_type": 17, "object_id": "3", "object_repr": "\u043c\u043e\u0434\u0443\u043b\u044c \"\u043c\u0435\u043d\u0435\u0434\u0436\u043c\u0435\u043d\u0442 \u043f\u0440\u043e\u0435\u043a\u0442\u0430/\"", "action_flag": 1, "change_message": "[{\"added\": {}}]"}}, {"model": "admin.logentry", "pk": 33, "fields": {"action_time": "2016-12-13T08:45:55Z", "user": 1, "content_type": 17, "object_id": "4", "object_repr": "\u0412\u043d\u0435\u0448\u043d\u0438\u0439 \u0432\u0438\u0434 \u0441\u0442\u0440\u0430\u043d\u0438\u0446\u044b \u0441\u0442\u0430\u0442\u0435\u0439", "action_flag": 1, "change_message": "[{\"added\": {}}]"}}, {"model": "admin.logentry", "pk": 34, "fields": {"action_time": "2016-12-13T08:49:41Z", "user": 1, "content_type": 20, "object_id": "3", "object_repr": "\u041a\u043e\u043d\u0442\u0435\u043d\u0442-\u043c\u0435\u043d\u0435\u0434\u0436\u043c\u0435\u043d\u0442", "action_flag": 1, "change_message": "[{\"added\": {}}]"}}, {"model": "admin.logentry", "pk": 35, "fields": {"action_time": "2016-12-13T08:50:44Z", "user": 1, "content_type": 3, "object_id": "2", "object_repr": "Lucien", "action_flag": 1, "change_message": "[{\"added\": {}}]"}}, {"model": "admin.logentry", "pk": 36, "fields": {"action_time": "2016-12-13T08:52:50Z", "user": 1, "content_type": 17, "object_id": "5", "object_repr": "\u0410\u043a\u0442\u0443\u0430\u043b\u044c\u043d\u044b\u0435 \u043a\u0430\u0442\u0435\u0433\u043e\u0440\u0438\u0438", "action_flag": 1, "change_message": "[{\"added\": {}}]"}}, {"model": "admin.logentry", "pk": 37, "fields": {"action_time": "2016-12-13T08:54:46Z", "user": 1, "content_type": 17, "object_id": "6", "object_repr": "\u0410\u043a\u0442\u0443\u0430\u043b\u044c\u043d\u044b\u0435 \u043f\u0440\u043e\u0444\u0435\u0441\u0441\u0438\u0438", "action_flag": 1, "change_message": "[{\"added\": {}}]"}}, {"model": "admin.logentry", "pk": 38, "fields": {"action_time": "2016-12-13T09:03:24Z", "user": 1, "content_type": 17, "object_id": "7", "object_repr": "\u041b\u043e\u0433\u043e\u0442\u0438\u043f", "action_flag": 1, "change_message": "[{\"added\": {}}]"}}, {"model": "admin.logentry", "pk": 39, "fields": {"action_time": "2016-12-13T09:14:06Z", "user": 1, "content_type": 17, "object_id": "8", "object_repr": "\u041c\u0435\u0445\u0430\u043d\u0438\u0437\u043c \u0431\u044d\u043a\u0430\u043f\u0430 \u043a\u043e\u0434\u0430 \u0438 \u0434\u0430\u043d\u043d\u044b\u0445", "action_flag": 1, "change_message": "[{\"added\": {}}]"}}, {"model": "admin.logentry", "pk": 40, "fields": {"action_time": "2016-12-13T09:23:58Z", "user": 1, "content_type": 17, "object_id": "8", "object_repr": "\u041c\u0435\u0445\u0430\u043d\u0438\u0437\u043c \u0431\u044d\u043a\u0430\u043f\u0430 \u043a\u043e\u0434\u0430 \u0438 \u0434\u0430\u043d\u043d\u044b\u0445", "action_flag": 2, "change_message": "[{\"changed\": {\"fields\": [\"priority\"]}}]"}}, {"model": "admin.logentry", "pk": 41, "fields": {"action_time": "2016-12-13T09:25:26Z", "user": 1, "content_type": 16, "object_id": "1", "object_repr": "\u041d\u043e\u0432\u0430\u044f", "action_flag": 2, "change_message": "[{\"changed\": {\"fields\": [\"name\"]}}]"}}, {"model": "admin.logentry", "pk": 42, "fields": {"action_time": "2016-12-13T09:25:41Z", "user": 1, "content_type": 16, "object_id": "2", "object_repr": "\u0412 \u0440\u0430\u0431\u043e\u0442\u0435", "action_flag": 2, "change_message": "[{\"changed\": {\"fields\": [\"name\"]}}]"}}, {"model": "admin.logentry", "pk": 43, "fields": {"action_time": "2016-12-13T09:25:56Z", "user": 1, "content_type": 16, "object_id": "3", "object_repr": "\u0412\u044b\u043f\u043e\u043b\u043d\u0435\u043d\u0430", "action_flag": 2, "change_message": "[{\"changed\": {\"fields\": [\"name\"]}}]"}}, {"model": "admin.logentry", "pk": 44, "fields": {"action_time": "2016-12-13T09:26:12Z", "user": 1, "content_type": 17, "object_id": "3", "object_repr": "\u043c\u043e\u0434\u0443\u043b\u044c \"\u043c\u0435\u043d\u0435\u0434\u0436\u043c\u0435\u043d\u0442 \u043f\u0440\u043e\u0435\u043a\u0442\u0430\"", "action_flag": 2, "change_message": "[{\"changed\": {\"fields\": [\"title\", \"status\"]}}]"}}, {"model": "admin.logentry", "pk": 45, "fields": {"action_time": "2016-12-13T09:31:00Z", "user": 1, "content_type": 17, "object_id": "4", "object_repr": "\u0412\u043d\u0435\u0448\u043d\u0438\u0439 \u0432\u0438\u0434 \u0441\u0442\u0440\u0430\u043d\u0438\u0446\u044b \u0441\u0442\u0430\u0442\u0435\u0439", "action_flag": 2, "change_message": "[{\"changed\": {\"fields\": [\"status\"]}}]"}}, {"model": "admin.logentry", "pk": 46, "fields": {"action_time": "2016-12-13T09:34:28Z", "user": 1, "content_type": 20, "object_id": "4", "object_repr": "frontend", "action_flag": 1, "change_message": "[{\"added\": {}}]"}}, {"model": "admin.logentry", "pk": 47, "fields": {"action_time": "2016-12-13T09:34:51Z", "user": 1, "content_type": 17, "object_id": "9", "object_repr": "\u0443\u0440\u043e\u0432\u043d\u0438 \u0434\u043e\u0441\u0442\u0443\u043f\u0430 (gold, silver, etc.)", "action_flag": 1, "change_message": "[{\"added\": {}}]"}}, {"model": "admin.logentry", "pk": 48, "fields": {"action_time": "2016-12-13T09:39:22Z", "user": 1, "content_type": 20, "object_id": "5", "object_repr": "backend", "action_flag": 1, "change_message": "[{\"added\": {}}]"}}, {"model": "admin.logentry", "pk": 49, "fields": {"action_time": "2016-12-13T09:39:41Z", "user": 1, "content_type": 17, "object_id": "10", "object_repr": "\u041c\u043d\u043e\u0433\u043e\u043f\u043e\u0442\u043e\u0447\u043d\u043e\u0441\u0442\u044c \u0432 \u0441\u0442\u0440\u0438\u043c\u0438\u043d\u0433\u0435", "action_flag": 1, "change_message": "[{\"added\": {}}]"}}, {"model": "admin.logentry", "pk": 50, "fields": {"action_time": "2016-12-13T09:40:46Z", "user": 1, "content_type": 17, "object_id": "11", "object_repr": "\u0420\u0430\u0441\u043f\u0438\u0441\u0430\u043d\u0438\u0435 \u0441\u0442\u0440\u0438\u043c\u043e\u0432", "action_flag": 1, "change_message": "[{\"added\": {}}]"}}, {"model": "admin.logentry", "pk": 51, "fields": {"action_time": "2016-12-13T09:44:23Z", "user": 1, "content_type": 17, "object_id": "12", "object_repr": "\u0421\u043b\u0430\u0439\u0434\u0435\u0440\u044b \u0430\u0432\u0442\u043e\u0440\u043e\u0432 \u0438 \u0432\u0438\u0434\u0435\u043e", "action_flag": 1, "change_message": "[{\"added\": {}}]"}}, {"model": "admin.logentry", "pk": 52, "fields": {"action_time": "2016-12-13T09:51:29Z", "user": 1, "content_type": 17, "object_id": "13", "object_repr": "\u0425\u043b\u0435\u0431\u043d\u044b\u0435 \u043a\u0440\u043e\u0448\u043a\u0438", "action_flag": 1, "change_message": "[{\"added\": {}}]"}}, {"model": "admin.logentry", "pk": 53, "fields": {"action_time": "2016-12-13T09:54:31Z", "user": 1, "content_type": 17, "object_id": "14", "object_repr": "\u0418\u043a\u043e\u043d\u043a\u0438 \u043a\u0430\u0442\u0435\u0433\u043e\u0440\u0438\u0439", "action_flag": 1, "change_message": "[{\"added\": {}}]"}}, {"model": "admin.logentry", "pk": 54, "fields": {"action_time": "2016-12-13T21:28:45Z", "user": 1, "content_type": 10, "object_id": "1", "object_repr": "\u0418\u0441\u043a\u0443\u0441\u0441\u0442\u0432\u043e", "action_flag": 2, "change_message": "[{\"changed\": {\"fields\": [\"title\"]}}]"}}, {"model": "admin.logentry", "pk": 55, "fields": {"action_time": "2016-12-15T23:19:04Z", "user": 1, "content_type": 14, "object_id": "4", "object_repr": "gold", "action_flag": 3, "change_message": ""}}, {"model": "admin.logentry", "pk": 56, "fields": {"action_time": "2016-12-15T23:19:21Z", "user": 1, "content_type": 14, "object_id": "3", "object_repr": "Gold", "action_flag": 2, "change_message": "[{\"changed\": {\"fields\": [\"name\"]}}]"}}, {"model": "admin.logentry", "pk": 57, "fields": {"action_time": "2016-12-15T23:19:31Z", "user": 1, "content_type": 14, "object_id": "2", "object_repr": "Silver", "action_flag": 2, "change_message": "[{\"changed\": {\"fields\": [\"name\"]}}]"}}, {"model": "admin.logentry", "pk": 58, "fields": {"action_time": "2016-12-15T23:19:40Z", "user": 1, "content_type": 14, "object_id": "1", "object_repr": "Bronze", "action_flag": 2, "change_message": "[{\"changed\": {\"fields\": [\"name\"]}}]"}}, {"model": "admin.logentry", "pk": 59, "fields": {"action_time": "2016-12-15T23:20:27Z", "user": 1, "content_type": 9, "object_id": "3", "object_repr": "\u0417\u043e\u043b\u043e\u0442\u043e\u0439 \u0444\u0430\u0435\u0440\u0449\u0438\u043a", "action_flag": 2, "change_message": "[{\"changed\": {\"fields\": [\"title\", \"description\"]}}]"}}, {"model": "admin.logentry", "pk": 60, "fields": {"action_time": "2016-12-16T10:46:50Z", "user": 1, "content_type": 3, "object_id": "1", "object_repr": "Admin", "action_flag": 2, "change_message": "[{\"changed\": {\"fields\": [\"username\"]}}]"}}, {"model": "admin.logentry", "pk": 61, "fields": {"action_time": "2016-12-16T10:47:07Z", "user": 1, "content_type": 3, "object_id": "1", "object_repr": "Rust", "action_flag": 2, "change_message": "[{\"changed\": {\"fields\": [\"username\"]}}]"}}, {"model": "admin.logentry", "pk": 62, "fields": {"action_time": "2016-12-16T10:47:25Z", "user": 1, "content_type": 3, "object_id": "2", "object_repr": "Lucien", "action_flag": 2, "change_message": "[{\"changed\": {\"fields\": [\"is_staff\", \"is_superuser\"]}}]"}}, {"model": "admin.logentry", "pk": 63, "fields": {"action_time": "2016-12-16T13:06:33Z", "user": 1, "content_type": 13, "object_id": "1", "object_repr": "\u0422\u0435\u0441\u0442\u043e\u0432\u044b\u0439 \u0421\u0442\u0440\u0438\u043c", "action_flag": 1, "change_message": "[{\"added\": {}}]"}}, {"model": "admin.logentry", "pk": 64, "fields": {"action_time": "2016-12-16T13:16:33Z", "user": 1, "content_type": 10, "object_id": "3", "object_repr": "\u0420\u0438\u0441\u043e\u0432\u0430\u043d\u0438\u0435 \u0430\u043a\u0440\u0438\u043b\u043e\u043c", "action_flag": 2, "change_message": "[{\"changed\": {\"fields\": [\"title\", \"description\", \"url\"]}}]"}}, {"model": "admin.logentry", "pk": 65, "fields": {"action_time": "2016-12-16T13:17:27Z", "user": 1, "content_type": 10, "object_id": "2", "object_repr": "\u0418\u0437\u043e\u0431\u0440\u0430\u0437\u0438\u0442\u0435\u043b\u044c\u043d\u043e\u0435 \u0438\u0441\u043a\u0443\u0441\u0441\u0442\u0432\u043e", "action_flag": 2, "change_message": "[{\"changed\": {\"fields\": [\"title\", \"description\", \"url\"]}}]"}}, {"model": "admin.logentry", "pk": 66, "fields": {"action_time": "2016-12-16T13:17:48Z", "user": 1, "content_type": 8, "object_id": "1", "object_repr": "rre", "action_flag": 2, "change_message": "[{\"changed\": {\"fields\": [\"url\"]}}]"}}, {"model": "admin.logentry", "pk": 67, "fields": {"action_time": "2016-12-16T13:18:06Z", "user": 1, "content_type": 9, "object_id": "3", "object_repr": "\u0417\u043e\u043b\u043e\u0442\u043e\u0439 \u0444\u0430\u0435\u0440\u0449\u0438\u043a", "action_flag": 2, "change_message": "[{\"changed\": {\"fields\": [\"url\"]}}]"}}, {"model": "admin.logentry", "pk": 68, "fields": {"action_time": "2016-12-16T13:26:24Z", "user": 1, "content_type": 12, "object_id": "1", "object_repr": "\u0422\u0435\u0441\u0442\u043e\u0432\u044b\u0439 \u043a\u0430\u043d\u0430\u043b", "action_flag": 2, "change_message": "[{\"changed\": {\"fields\": [\"title\", \"description\", \"url\"]}}]"}}, {"model": "admin.logentry", "pk": 69, "fields": {"action_time": "2016-12-16T14:27:12Z", "user": 1, "content_type": 10, "object_id": "4", "object_repr": "\u041b\u043e\u0433\u0438\u043a\u0430", "action_flag": 1, "change_message": "[{\"added\": {}}]"}}, {"model": "admin.logentry", "pk": 70, "fields": {"action_time": "2016-12-16T14:27:59Z", "user": 1, "content_type": 10, "object_id": "5", "object_repr": "AI", "action_flag": 1, "change_message": "[{\"added\": {}}]"}}, {"model": "admin.logentry", "pk": 71, "fields": {"action_time": "2016-12-16T14:28:14Z", "user": 1, "content_type": 10, "object_id": "6", "object_repr": "\u0411\u0438\u0437\u043d\u0435\u0441", "action_flag": 1, "change_message": "[{\"added\": {}}]"}}, {"model": "admin.logentry", "pk": 72, "fields": {"action_time": "2016-12-16T14:47:48Z", "user": 1, "content_type": 10, "object_id": "2", "object_repr": "\u0418\u0437\u043e\u0431\u0440\u0430\u0437\u0438\u0442\u0435\u043b\u044c\u043d\u043e\u0435", "action_flag": 2, "change_message": "[{\"changed\": {\"fields\": [\"title\"]}}]"}}]